ID,Name,Category,Supplier,Price,Puhunan,Stock,Profit per piece,Margin %,Featured,Star
1,Jack n Jill Potato Chips Vcut Spicy Barbecue Flavor 25G,Snacks,Puregold,20,16.2,,3.80,19.0,0,0
2,Oishi Martys Crackling Plain Salted Blue 26G,Snacks,Puregold,9,8,,1.00,11.1,0,0
4,Nissin Cup Noodles Seafoods Blue,Noodles,Suy Sing,30,23,,7.00,23.3,0,0
6,long tou sotanghon pack,Noodles,Puregold,30,28,2,2.00,6.7,0,0
7,ginebra 4x4,Drinks,Suy Sing,150,143.9,,6.10,4.1,1,0
8,ginebra 2x2,Drinks,Suy Sing,80,75.6,,4.40,5.5,1,0
9,ginebra bilog,Drinks,Camille,80,74,,6.00,7.5,1,0
10,Ma Ling Pork Luncheon Meat,Canned,Tiktok,105,83,,22.00,21.0,0,0
18,Superfood Hunts Pork & Beans 175G,Canned,Suy Sing,26,23.7,,2.30,8.8,0,0
19,pure foods corned beef,Cooking,El Torro,85,83.6,,1.40,1.6,0,0
20,liverspread,Canned,Puregold,30,27,,3.00,10.0,0,0
21,Mang Tomas All - Around Sarsa Bottle 325G,Cooking,Suy Sing,40,37.2,,2.80,7.0,0,0
22,ginisa pack,Cooking,Suy Sing,55,50.9,,4.10,7.5,0,0
24,magic sarap pack,Cooking,Suy Sing,83,78.79,2,4.21,5.1,0,0
25,Magic Sarap Pcs,Cooking,Suy Sing,6,4.92,26,1.08,18.0,0,0
27,ginisa pcs,Cooking,Suy Sing,5,3.18,,1.82,36.4,0,0
28,crispy fry pack,Cooking,Puregold,275,258,,17.00,6.2,0,0
30,knor cube pcs,Cooking,Puregold,9,6.5,,2.50,27.8,0,0
33,Datu Puti Oysterrific Oyster Sauce 30G,Cooking,Suy Sing,8,6,,2.00,25.0,0,0
39,Del Monte Quality Tomato Paste 70G,Cooking,Suy Sing,24,18.6,,5.40,22.5,0,0
40,Mang Tomas All - Around Sarsa Sachet 100G,Cooking,Suy Sing,15,11.6,,3.40,22.7,0,0
41,UFC Tamis Anghang 100G,Cooking,Suy Sing,13,10.3,,2.70,20.8,0,0
42,Del Monte Quality Pineapple Tidbits 115G,Cooking,Suy Sing,21,16,,5.00,23.8,0,0
44,Datu Puti Patis Flavor Sachet 150ml,Cooking,Suy Sing,18.5,13.03,,5.47,29.6,0,0
45,Datu Puti Vinegar Bottle 350ml,Cooking,Suy Sing,20,17.4,,2.60,13.0,0,0
46,Datu Puti Soy Sauce Bottle 350ml,Cooking,Suy Sing,22,18.9,,3.10,14.1,0,0
47,mama sitas o.s 60g,Cooking,Suy Sing,19,13.6,,5.40,28.4,0,0
48,Ajinomoto Sarsaya Oyster Sauce Sachet 30G,Cooking,Suy Sing,7,6.1,,0.90,12.9,0,0
49,Nestea Apple Iced Tea 19G,Drinks,Suy Sing,25,23,,2.00,8.0,0,0
50,Nestea Lemon Iced Tea 19G,Drinks,Osave,25,23,,2.00,8.0,0,0
54,Nescafe Creamy White Twin Pack,Drinks,Puregold,16,14,7,2.00,12.5,0,0
55,Nestle Coffee Mate Pack,Drinks,Suy Sing,55,50,3,5.00,9.1,0,0
56,great taste premium 20g,Drinks,Suy Sing,30,25.1,0,4.90,16.3,0,0
57,Nescafe Classic Pack 1.9G,Drinks,Suy Sing,135,130,,5.00,3.7,0,0
58,Nescafe Classic Pcs 1.9G,Drinks,Suy Sing,4,3,,1.00,25.0,0,0
59,Energen Chocolate 40G,Drinks,Osave,10,8.75,,1.25,12.5,0,0
60,Nestle Milo Sachet Pcs 24G,Drinks,Puregold,15,9.58,11,5.42,36.1,0,0
61,Birch Tree Adult Boost Pcs,Drinks,Suy Sing,15,12.9,10,2.10,14.0,0,0
62,birch tree [fortified],Drinks,Suy Sing,105,101.6,,3.40,3.2,0,0
65,cheese cake pack,Snacks,Puregold,80,71.5,8,8.50,10.6,0,0
66,monde mamon pack,Snacks,Puregold,100,92.35,0,7.65,7.7,0,0
67,monde mamon pcs,Snacks,Puregold,20,15.39,20,4.61,23.0,0,0
68,cheese cake pcs,Snacks,Puregold,12,7.23,8,4.77,39.8,0,0
69,alibaba chips 30g,Snacks,Osave,10,5,,5.00,50.0,0,0
70,Oishi Pillows Choco Filled Crackers 38G,Snacks,Osave,12,8.6,4,3.40,28.3,0,0
71,Jack n Jill Milky Knots 25G,Snacks,Puregold,10,8.8,5,1.20,12.0,0,0
72,choco knots,Snacks,Suy Sing,10,7.3,4,2.70,27.0,0,0
74,whatta tops pcs,Snacks,Puregold,12,8,8,4.00,33.3,0,0
75,lava cake pack,Snacks,Puregold,80,77,1,3.00,3.8,0,0
76,lava cake pcs,Snacks,Puregold,10,8,3,2.00,20.0,0,0
77,presto pack,Snacks,Puregold,75,65,,10.00,13.3,0,0
78,presto pcs,Snacks,Puregold,9,6.14,,2.86,31.8,0,0
79,rebisco skyflakes choco tsokolate pack,Snacks,Suy Sing,80,73,1,7.00,8.8,0,0
80,rebsico skyflakes choco tsokolate pcs,Snacks,Suy Sing,8,6.14,9,1.86,23.3,0,0
81,cream-o pack,Snacks,Puregold,100,93.5,2,6.50,6.5,0,0
82,cream-o pcs,Snacks,Puregold,10,9.35,11,0.65,6.5,0,0
83,ice gem biscuit pack,Snacks,Puregold,80,75,1,5.00,6.3,0,0
86,star classic 100g pcs,Cooking,Suy Sing,37,35,11,2.00,5.4,0,0
87,Eden Cheese Original 160G,Cooking,Suy Sing,60,55.9,0,4.10,6.8,0,0
88,mayonnaise pack 27ml,Cooking,Suy Sing,15,12.3,,2.70,18.0,0,0
90,Great Taste Premium Classic 80G,Drinks,Suy Sing,100,98,3,2.00,2.0,0,0
91,Nestle Coffee Mate 150G,Drinks,Suy Sing,55,46.5,3,8.50,15.5,0,0
94,Lucky Me Instant Noodles Itnok Chicken With Egg 50G,Noodles,Suy Sing,12,9,,3.00,25.0,0,0
95,Master Sardines In Richer Tomato Sauce 155G,Canned,Puregold,28,25.1,,2.90,10.4,0,0
96,Master Sardines In Tomato Sauce 155G,Canned,Puregold,28,25.2,,2.80,10.0,0,0
98,Argentina Meat Loaf Source Of Calcium 170g,Canned,Suy Sing,26,20.9,,5.10,19.6,0,0
99,Jolly Pure Goodness Salted Black Beans,Canned,Puregold,45,38,,7.00,15.6,0,0
100,jolly mashroom,Canned,Suy Sing,70,58.7,,11.30,16.1,0,0
101,Datu Puti Soy Sauce Bottle 1L,Cooking,Suy Sing,65,51.2,,13.80,21.2,0,0
102,Datu Puti Vinegar Bottle 1L,Cooking,Suy Sing,62,41.4,,20.60,33.2,0,0
103,Datu Puti Patis Flavor Bottle 1L,Cooking,Suy Sing,80,72,,8.00,10.0,0,0
104,Krem-Top Coffee Creamer 200G,Drinks,Camille,60,57,10,3.00,5.0,0,0
105,Nestle Milo 300G,Drinks,Suy Sing,101,95.8,1,5.20,5.1,0,0
107,bulak 10 grams pcs,Personal Care,Puregold,10,4.8,3,5.20,52.0,0,0
108,bulak 40g,Personal Care,Puregold,25,15.6,10,9.40,37.6,0,0
109,tocino orig 220g,Cooking,El Torro,68,63,2,5.00,7.4,0,0
110,bossing hotdog regular 3packs | 200g,Cooking,El Torro,50,41,1,9.00,18.0,0,0
111,bossing hotdog king size,Cooking,El Torro,190,150,0,40.00,21.1,0,0
112,tender juicy jumbo 1kl,Cooking,El Torro,240,184,2,56.00,23.3,0,0
113,idol cheesedog regular 250g,Cooking,El Torro,60,54,2,6.00,10.0,0,0
114,CDO ulam burger crispy paties,Cooking,El Torro,65,57.25,3,7.75,11.9,0,0
115,CDO ulam burger,Cooking,El Torro,64,57.25,2,6.75,10.5,0,0
116,rincon fishball 1kl,Cooking,El Torro,60,55,1,5.00,8.3,0,0
117,rincon kikiam 250g,Cooking,El Torro,30,24,0,6.00,20.0,0,0
118,CDO young pork tocino 225g,Cooking,El Torro,65,55.25,,9.75,15.0,0,0
119,pure food star nuggets 150g,Cooking,El Torro,50,43,7,7.00,14.0,0,0
120,pure food bida bacon 250g,Cooking,El Torro,110,89,,21.00,19.1,0,0
121,seaweeds pcs,Snacks,El Torro,20,12.5,0,7.50,37.5,0,0
122,seaweeds pack,Snacks,El Torro,60,50,,10.00,16.7,0,0
123,Rincon squidball 250g,Cooking,El Torro,35,29,4,6.00,17.1,0,0
124,buldak pcs,Noodles,El Torro,90,73,0,17.00,18.9,0,0
125,buldak pack,Noodles,El Torro,400,365,,35.00,8.8,0,0
126,camel,Tobacco,Camille,155,144.8,,10.20,6.6,1,0
127,marvels green,Tobacco,Puregold,170,165,,5.00,2.9,0,0
128,marvels red,Tobacco,Camille,170,165,,5.00,2.9,0,0
129,marlboro red,Tobacco,Camille,200,180,,20.00,10.0,1,0
130,marlboro blue,Tobacco,Camille,200,180,,20.00,10.0,1,0
131,mighty green,Tobacco,Camille,170,150,,20.00,11.8,0,0
132,marlboro lights,Tobacco,Camille,200,180,,20.00,10.0,1,0
133,alfonso light,Drinks,Camille,295,262.5,,32.50,11.0,1,0
134,CLVB,Drinks,Puregold,290,200,101,90.00,31.0,0,1
135,mojito gsm blue,Drinks,Puregold,190,180,,10.00,5.3,0,0
136,emperador lights,Drinks,Camille,200,180,,20.00,10.0,1,0
137,empi double lights,Drinks,Camille,210,180,,30.00,14.3,1,0
138,colgate toothbrush pcs,Personal Care,Suy Sing,20,18,,2.00,10.0,0,0
139,toothbrush black pcs,Personal Care,Suy Sing,25,23,,2.00,8.0,0,0
140,c2 pcs,Drinks,Suy Sing,18,12.5,,5.50,30.6,0,0
141,c2 by 6,Drinks,Suy Sing,90,80,,10.00,11.1,0,0
142,zest.o pcs,Drinks,Puregold,12,8.2,,3.80,31.7,0,0
143,zest.o box,Drinks,Puregold,89,82.75,,6.25,7.0,0,0
144,pure mineral water pcs,Drinks,Puregold,12,8,,4.00,33.3,0,0
145,pure mineral water 1 case,Drinks,Suy Sing,225,200,,25.00,11.1,0,0
146,coke mismo,Drinks,Puregold,30,17,,13.00,43.3,0,0
149,del monte pineapple juice,Drinks,Suy Sing,35,30.5,,4.50,12.9,0,0
150,sterilized milk,Drinks,Suy Sing,30,27.5,,2.50,8.3,0,0
151,yakult,Drinks,Puregold,15,10,13,5.00,33.3,0,0
152,chuckie,Drinks,Suy Sing,18,16.5,,1.50,8.3,0,0
153,yogurt,Drinks,Puregold,55,50,,5.00,9.1,0,0
154,sting,Drinks,Osave,25,16.75,5,8.25,33.0,0,0
155,cobra 330ML,Drinks,Osave,30,22,,8.00,26.7,0,0
156,yakult 5pcs,Drinks,Puregold,60,50,6,10.00,16.7,0,0
157,red horse,Drinks,Camille,75,67,,8.00,10.7,0,0
158,Coca - Cola  Original Taste 1.5L,Drinks,Puregold,75,65,,10.00,13.3,0,0
159,Mountain Dew,Drinks,Puregold,25,23.5,,1.50,6.0,0,0
160,7up 1.5,Drinks,Osave,75,65,,10.00,13.3,0,0
161,Sprite 1.5L,Drinks,Puregold,75,65,2,10.00,13.3,0,0
162,Jack n Jill Chippy Barbecue Corn Chips Red 25G,Snacks,Puregold,10,7.1,8,2.90,29.0,0,0
164,Jack n Jill Nova Country Cheddar Flavor Small 38G,Snacks,Puregold,20,17,14,3.00,15.0,0,0
165,Oishi Potato Fries Cheese Flavor 21G,Snacks,Puregold,9,6.55,19,2.45,27.2,0,0
167,Oishi Martys Crackling Salt & Vinegar Flavor White 26G,Snacks,Puregold,9,8,4,1.00,11.1,0,0
169,pretzels Milk & Choco Knot,Snacks,Osave,9,7.5,,1.50,16.7,0,0
170,Jack n Jill Magic Chips Cheese Flavored Cracker 28G,Snacks,Puregold,9,7.2,6,1.80,20.0,0,0
172,Oishi Crispy Patata Baked Potato Flavor 24G,Snacks,Puregold,9,6.3,2,2.70,30.0,0,0
173,Oishi Ribbed Cracklings Salt & Vinegar 24G,Snacks,Puregold,9,6.3,2,2.70,30.0,0,0
175,Clover Chips Cheesier Flavored Corn Snacks Small 24G,Snacks,Puregold,10,7.65,0,2.35,23.5,0,0
176,Jack n Jill Roller Coaster Cheddar Cheese 24G,Snacks,Puregold,10,7.1,199,2.90,29.0,0,0
177,spicy seafoods oishi,Snacks,Suy Sing,9,6.4,11,2.60,28.9,0,0
178,fudgee barr,Snacks,Suy Sing,10,8,5,2.00,20.0,0,0
180,fudgee barr pack,Snacks,Suy Sing,83,78.4,11,4.60,5.5,0,0
181,rebisco skyflakes pack,Snacks,Suy Sing,140,135,4,5.00,3.6,0,0
182,rebisco skyflakes pcs,Snacks,Suy Sing,9,6.14,16,2.86,31.8,0,0
183,Rebisco Strawberry Pink Pack,Snacks,Camille,70,64,5,6.00,8.6,0,0
184,Rebisco Strawberry Pink Pcs,Snacks,Camille,9,6.4,,2.60,28.9,0,0
185,nissin wafer pack choco,Snacks,Suy Sing,64,59.7,4,4.30,6.7,0,0
186,choco mucho box,Snacks,Suy Sing,90,84.7,4,5.30,5.9,0,0
187,cloud 9 classic Box,Snacks,Suy Sing,102,95.3,4,6.70,6.6,0,0
188,cloud 9 classic pcs,Snacks,Suy Sing,12,9,98,3.00,25.0,0,0
189,Pancit Canton Chilimansi Flavor Dark Green,Noodles,Suy Sing,18,15,45,3.00,16.7,0,0
190,choco mucho pcs,Snacks,Suy Sing,12,9,97,3.00,25.0,0,0
191,fita pcs,Snacks,Suy Sing,9,7,1,2.00,22.2,0,0
192,nissin wafer pcs,Snacks,Suy Sing,8.5,6,6,2.50,29.4,0,0
193,tide 7pcs,Household,Suy Sing,87,82.9,,4.10,4.7,0,0
194,tide pcs,Household,Suy Sing,15,13.9,,1.10,7.3,0,0
197,surf 6,Household,Suy Sing,40,37.8,,2.20,5.5,0,0
199,surf bar blue,Household,Suy Sing,25,22.3,,2.70,10.8,0,0
200,surf bar tawas,Household,Suy Sing,25,22.3,,2.70,10.8,0,0
201,surf bar calamansi,Household,Suy Sing,25,22.3,,2.70,10.8,0,0
204,sunsilk sakura 12 pcs,Personal Care,Suy Sing,68,63.9,,4.10,6.0,0,0
205,sunsilk sak. pcs,Personal Care,Suy Sing,8,5.3,,2.70,33.8,0,0
206,cream silk by 12,Personal Care,Suy Sing,96,66.6,,29.40,30.6,0,0
207,cream silk pcs,Personal Care,Suy Sing,8,5.5,,2.50,31.3,0,0
208,palmolive  by 12,Personal Care,Suy Sing,65,59.7,,5.30,8.2,0,0
209,palmolive pcs,Personal Care,Suy Sing,8,5,,3.00,37.5,0,0
210,sunsilk by 12,Personal Care,Suy Sing,68,63.9,,4.10,6.0,0,0
211,sunsilk pcs,Personal Care,Suy Sing,8,5.3,,2.70,33.8,0,0
213,head and shouder SH Pink,Household,Puregold,10,8,,2.00,20.0,0,0
214,safe guard 65g,Household,Puregold,21,19.1,,1.90,9.0,0,0
215,safe guard 22g,Household,Puregold,10,8.1,,1.90,19.0,0,0
217,dove by 3,Personal Care,Suy Sing,180,162.8,,17.20,9.6,0,0
218,dove pcs,Personal Care,Suy Sing,85,54.2,,30.80,36.2,0,0
219,palmolive bar 55g,Personal Care,Suy Sing,18,15.2,,2.80,15.6,0,0
220,joy 18.ml,Household,Suy Sing,8,6,,2.00,25.0,0,0
221,rexona,Personal Care,Puregold,10,9,,1.00,10.0,0,0
222,modess reg. 8pads,Personal Care,Osave,45,40.1,0,4.90,10.9,0,0
223,modess long 8pads,Personal Care,Osave,50,45.8,,4.20,8.4,0,0
224,modess night long 4pads,Personal Care,Osave,55,52,,3.00,5.5,0,0
225,modess reg. pcs,Personal Care,Osave,8,5,,3.00,37.5,0,0
226,modess long pcs,Personal Care,Osave,8,5,,3.00,37.5,0,0
227,modess night long pcs,Personal Care,Osave,14,12,,2.00,14.3,0,0
228,EQ DRY  M 60+4,Personal Care,Suy Sing,386,,,,,0,0
229,EQ DRY L 54+4,Personal Care,Suy Sing,386,,,,,0,0
230,dazz 200g,Household,Suy Sing,30,24.8,,5.20,17.3,0,0
233,maxx,Snacks,Suy Sing,45,39.2,,5.80,12.9,0,0
234,white rabbit,Snacks,Suy Sing,96,90.7,,5.30,5.5,0,0
235,Junior & Superstix Stick-O,Snacks,Puregold,90,79,2,11.00,12.2,0,0
236,yakee,Snacks,Suy Sing,28,24.5,,3.50,12.5,0,0
237,x.o,Snacks,Suy Sing,45,39.9,,5.10,11.3,0,0
238,flat tops,Snacks,Suy Sing,20,17.2,,2.80,14.0,0,0
239,krim stix jumbo,Snacks,Puregold,55,48.5,,6.50,11.8,0,0
241,barnuts,Snacks,Puregold,30,24,,6.00,20.0,0,0
242,tender love wipes,Personal Care,Suy Sing,44,41.6,,2.40,5.5,0,0
243,koko krunch by 12,Snacks,Puregold,80,75,,5.00,6.3,0,0
244,koko krunch pcs,Snacks,Puregold,10,7,19,3.00,30.0,0,0
246,frutos,Snacks,Suy Sing,39.4,33.75,1,5.65,14.3,0,0
247,johnson baby oil,Personal Care,Puregold,35,32,,3.00,8.6,0,0
248,cotton buds,Personal Care,Puregold,10,8,,2.00,20.0,0,0
249,johnson baby powder 25g,Personal Care,Puregold,29,27,,2.00,6.9,0,0
253,sugar wash 1/4,Drinks,Camille,21,18.75,,2.25,10.7,0,0
254,paminta,Cooking,Camille,15,10.5,,4.50,30.0,0,0
255,asin,Cooking,Camille,10,6,4,4.00,40.0,0,0
256,pastillas,Snacks,Camille,15,11,,4.00,26.7,0,0
257,bawang na bawang 3in1,Snacks,Camille,25,20,1,5.00,20.0,0,0
259,Boy Bawang Cornick Garlic Flavor 90G,Snacks,Puregold,25,20,,5.00,20.0,0,0
260,zonrox bleach orig. 500ml,Household,Puregold,28,25,,3.00,10.7,0,0
261,zonrox bleach orig. 250ml,Household,Suy Sing,20,15.7,,4.30,21.5,0,0
262,mikmik polvoron,Snacks,Puregold,79,70,1,9.00,11.4,0,0
263,coco gloden coin 100s,Snacks,Osave,95,85,,10.00,10.5,0,0
264,razor with lube strip groomlab,Personal Care,Osave,20,7,21,13.00,65.0,0,0
265,long tou sotanghon pcs,Noodles,Puregold,10,6.5,15,3.50,35.0,0,0
266,Marvels red pcs,Tobacco,Camille,9,8,,1.00,11.1,0,0
267,marlboro red pcs,Tobacco,Camille,11,8.8,,2.20,20.0,1,0
268,Marlboro blue pcs,Tobacco,Camille,11,8.8,73,2.20,20.0,1,0
269,Camel pcs,Tobacco,Camille,9,7.24,,1.76,19.6,1,0
270,marvels green pcs,Tobacco,Camille,9,8,,1.00,11.1,0,0
271,Candies 5 for 3,Snacks,Osave,5,4,108,1.00,20.0,0,0
272,Nissin Cup Noodles Beef Brown,Noodles,Suy Sing,30,23,,7.00,23.3,0,0
273,Nissin Cup Noodles Chicken Yellow,Noodles,Suy Sing,30,23,,7.00,23.3,0,0
274,Jack n Jill Chippy Chili & Cheese Corn Chips Blue 25G,Snacks,Puregold,10,7.1,7,2.90,29.0,0,0
275,Oishi Martys Crackling Spicy Vinegar Flavor Red 26G,Snacks,Puregold,9,8,2,1.00,11.1,0,0
276,Fita Pack,Snacks,Suy Sing,95,89.3,3,5.70,6.0,0,0
277,Pancit Canton Original Flavor Yellow,Noodles,Suy Sing,18,15,62,3.00,16.7,0,0
278,Pancit Canton Extra Hot Chili Flavor Red,Noodles,Suy Sing,18,15,47,3.00,16.7,0,0
280,Ice Gem Pcs,Snacks,Osave,9,8,6,1.00,11.1,0,0
283,Nestle Milo 150G,Drinks,Puregold,60,53,1,7.00,11.7,0,0
284,Energen Vanilla 40G,Drinks,Osave,10,8.75,,1.25,12.5,0,0
285,Nestle Coffee Mate Sachet 5G,Drinks,Suy Sing,6,4,43,2.00,33.3,0,0
286,ice / yelo,Drinks,,5,3,,2.00,40.0,0,0
287,mountain dew 1L,Drinks,Puregold,75,61,,14.00,18.7,0,0
288,colgate t.b,Personal Care,Suy Sing,25,23,,2.00,8.0,0,0
290,Knorr Sinigang Sa Sampalok Mix Original 11G,Cooking,Suy Sing,12.5,7.2,,5.30,42.4,0,0
291,Mama Sitas Oyster Sauce Sachet 30G,Cooking,Suy Sing,9,5.7,,3.30,36.7,0,0
292,mama sita oyster sauce sachet 60g,Cooking,Suy Sing,16,13.6,,2.40,15.0,0,0
293,Mang Tomas Siga Hot & Spicy 325G,Cooking,Suy Sing,45,39,,6.00,13.3,0,0
294,del pacific oyster sauce 30g,Cooking,Suy Sing,10.5,5.5,,5.00,47.6,0,0
295,Knorr Cubes Chicken Broth Cube Pcs 10G,Cooking,Suy Sing,10,6,,4.00,40.0,0,0
296,Knorr Cubes Beef Broth Cube Pcs 10G,Cooking,Suy Sing,10,6,,4.00,40.0,0,0
297,Knorr Cubes Pork Broth Cube Pcs 10G,Cooking,Suy Sing,9,6,,3.00,33.3,0,0
300,Ajinomoto Vetsin Blue 11G,Cooking,Suy Sing,6,4,,2.00,33.3,0,0
301,Lucky Me Go Cup Noodles Chicken Mami 39G,Noodles,Suy Sing,30,25,,5.00,16.7,0,0
303,Lucky Me Go Cup Noodles Batchoy 40G,Noodles,Suy Sing,30,25,,5.00,16.7,0,0
304,Lucky Me Go Cup Noodles Beef 40G,Noodles,Suy Sing,30,25,,5.00,16.7,0,0
305,Lucky Me Go Cup Noodles Jjampong 40G,Noodles,Suy Sing,31,26,,5.00,16.1,0,0
306,Lucky Me Go Cup Noodles Chicken Sotanghon 28G,Noodles,Suy Sing,30,26,,4.00,13.3,0,0
309,Pure Foods Corned Beef 150G,Cooking,Suy Sing,94,83.6,,10.40,11.1,0,0
310,Kopiko Coffee Blanca Twin Pack 40G,Drinks,Suy Sing,15,13,,2.00,13.3,0,0
311,Kopiko Coffee Black Twin Pack 40G,Drinks,Suy Sing,16,13.1,,2.90,18.1,0,0
312,Argentina Liver Spread 85G,Canned,Suy Sing,33,25,,8.00,24.2,0,0
314,Century Tuna Hot And Spicy Omega 3DHA 155G,Canned,Suy Sing,40,36.3,,3.70,9.3,0,0
316,Lucky Me Instant Noodles Beef Na Beef Flavor 55G,Noodles,Suy Sing,12,9,,3.00,25.0,0,0
317,Lucky Me Instant Noodles Lomi 65G,Noodles,Suy Sing,22,17,,5.00,22.7,0,0
318,Payless Instant Mami Beef Paborito flavor 55G,Noodles,Suy Sing,12,7.4,,4.60,38.3,0,0
319,Payless Instant Mami Chicken Espesyal Flavor 55G,Noodles,Suy Sing,12,7.4,,4.60,38.3,0,0
320,Kopiko Coffee Brown Twin Pack 40G,Drinks,Suy Sing,16,13.1,,2.90,18.1,0,0
321,bear brand milk with iron 33g,Drinks,Suy Sing,120.5,110.4,,10.10,8.4,0,0
322,white rabbit candy 100s,Snacks,Suy Sing,101,90.7,,10.30,10.2,0,0
324,fudgee barr assorted 10s 395g,Snacks,Suy Sing,88.5,78.2,,10.30,11.6,0,0
327,fita cracker singles 30g,Snacks,Suy Sing,11,5.95,,5.05,45.9,0,0
328,maxx candy cherry 50s,Snacks,Suy Sing,47.5,39.2,,8.30,17.5,0,0
329,maxx candy dalandan 50s,Snacks,Suy Sing,47.5,39.2,,8.30,17.5,0,0
330,maxx candy eucalyptus 50s,Snacks,Suy Sing,47.5,39.4,,8.10,17.1,0,0
332,sky flakes regular 25g,Snacks,Suy Sing,11,5.51,,5.49,49.9,0,0
333,Nestle Bear Brand m Fortified Powdered Milk Drink 300G,Drinks,Suy Sing,113,98.8,,14.20,12.6,0,0
336,Oishi Prawn Crackers 24G,Snacks,Suy Sing,9,6.2,,2.80,31.1,0,0
339,Oishi Fish Crackers 24G,Snacks,Suy Sing,9,6.4,,2.60,28.9,0,0
340,Oishi Spicy Seafood Curls 24G,Snacks,Suy Sing,9,6.4,,2.60,28.9,0,0
341,oishi martys spicy 26g,Snacks,Suy Sing,11.5,6.4,,5.10,44.3,0,0
343,Birch Tree Fortified 33G,Drinks,Suy Sing,15,12.9,,2.10,14.0,0,0
344,colgate toothbrush superflexi black 5+1,Personal Care,Suy Sing,144,133.55,,10.45,7.3,0,0
345,Cheez Whiz Original Bottle 210G,Snacks,Suy Sing,100,97.3,,2.70,2.7,0,0
347,Ladys Choice Real Mayonnaise Bottle 220ml,Cooking,Suy Sing,125,114.6,,10.40,8.3,0,0
349,bear brand sterilized milk single 200ml,Drinks,Suy Sing,30,26.25,,3.75,12.5,0,0
350,del monte juice pine ace 220ml,Drinks,Suy Sing,38.5,30.5,,8.00,20.8,0,0
351,Ladys Choice Real Mayonnaise Sachet 27ml,Cooking,Suy Sing,15,12.3,,2.70,18.0,0,0
352,nestle milk chuckie single 110ml,Drinks,Suy Sing,19.5,14.1,,5.40,27.7,0,0
353,oishi martys salt and vinegar 26g,Snacks,Suy Sing,11.5,6.4,,5.10,44.3,0,0
354,oishi martys plain salted 26g,Snacks,Suy Sing,11.5,6.55,11,4.95,43.0,0,0
355,Oishi Bread Pan Cheese & Onion 24G,Snacks,Suy Sing,10,6.7,,3.30,33.0,0,0
356,Oishi Bread Pan Buttered Toast 24G,Snacks,Suy Sing,10,6.7,,3.30,33.0,0,0
357,Star Margarine Classic 100G,Cooking,Suy Sing,43,34.5,,8.50,19.8,0,0
361,Jack n Jill Mr. Chips Nacho Cheese Flavor 24g,Snacks,Suy Sing,10,5.9,,4.10,41.0,0,0
363,pretzels choco mini 28g,Snacks,Suy Sing,10,7.4,,2.60,26.0,0,0
366,datu puti vinegar gin 350ml,Cooking,Suy Sing,22,16.97,,5.03,22.9,0,0
367,Lucky Me Instant Noodles Chicken Na Chicken Flavor 55G,Noodles,Suy Sing,12,9,,3.00,25.0,0,0
371,c2 green tea apple solo 230ml,Drinks,Suy Sing,85.5,75.39,,10.11,11.8,0,0
374,wilkins pure water 330ml,Drinks,Suy Sing,12.5,7.31,,5.19,41.5,0,0
375,eq diapers colors medium 4s,Personal Care,Suy Sing,11,5.78,,5.22,47.5,0,0
376,eq diapers colors large 4s,Personal Care,Suy Sing,11.5,6.42,,5.08,44.2,0,0
377,colgate toothbrush classic hangmat 5+1,Personal Care,Suy Sing,18,12.57,,5.43,30.2,0,0
378,joy dishwashing liquid kalamansi 18.5ml,Household,Suy Sing,11,5.83,,5.17,47.0,0,0
379,joy dishwashing liquid antibac 17ml,Household,Suy Sing,11,5.85,,5.15,46.8,0,0
380,creamsilk conditioner standout straight 13ml,Personal Care,Suy Sing,10,6.05,,3.95,39.5,0,0
381,creamsilk conditioner hairfall defense 13ml,Personal Care,Suy Sing,8,6.05,,1.95,24.4,0,0
382,head and shoulders shampoo cool menthol 12ml,Personal Care,Suy Sing,11,6.76,,4.24,38.5,0,0
383,palmolive shampoo anti-dandruff 15ml,Personal Care,Suy Sing,10.5,5.43,,5.07,48.3,0,0
384,palmolive shampoo ultra smooth 15ml,Personal Care,Suy Sing,10.5,5.43,,5.07,48.3,0,0
385,dove soap white beauty bar 90g,Personal Care,Suy Sing,64.5,54.27,,10.23,15.9,0,0
386,modess all night wing 4s,Personal Care,Suy Sing,62,51.8,,10.20,16.5,0,0
387,modess cottony soft long wing 8s,Personal Care,Suy Sing,54,45.8,,8.20,15.2,0,0
388,modess cottony soft regular maxi nw 8s,Personal Care,Suy Sing,48.5,40.1,,8.40,17.3,0,0
389,modess cottony soft regular maxi w 8s,Personal Care,Suy Sing,48.5,40.1,,8.40,17.3,0,0
390,palmolive shampoo intensive moisture 15ml,Personal Care,Suy Sing,10.5,5.43,,5.07,48.3,0,0
391,palmolive shampoo silky straight 15ml,Personal Care,Suy Sing,10.5,5.43,,5.07,48.3,0,0
392,surf bar kalamansi 360g,Household,Suy Sing,30.5,22.3,,8.20,26.9,0,0
393,sunsilk shampoo strong and long 15ml,Personal Care,Suy Sing,11,5.81,,5.19,47.2,0,0
394,sunsilk shampoo smooth and manageable 15ml,Personal Care,Suy Sing,11,5.81,,5.19,47.2,0,0
395,colgate toothpaste cool spicy 20g,Personal Care,Suy Sing,13,8,,5.00,38.5,0,0
396,sunsilk shampoo natural coco hydration 11ml,Personal Care,Suy Sing,11,5.9,,5.10,46.4,0,0
397,sunsilk shampoo natural sakura raspberry 11ml,Personal Care,Suy Sing,11,5.9,,5.10,46.4,0,0
398,surf powder cherry blossom 65g,Household,Suy Sing,12,7.25,,4.75,39.6,0,0
399,surf powder purple blooms 65g,Household,Suy Sing,12,7.25,,4.75,39.6,0,0
400,ariel powder original jumbo 66g,Household,Suy Sing,17,13.82,,3.18,18.7,0,0
401,downy fabric conditioner garden bloom 24ml,Household,Suy Sing,11,5.9,,5.10,46.4,0,0
402,downy fabric conditioner antibac 24ml,Household,Suy Sing,11,5.9,,5.10,46.4,0,0
403,surf bar tawas blue 360g,Household,Suy Sing,30.5,22.3,,8.20,26.9,0,0
404,tide powder excel fabric guard bloom 67g,Household,Suy Sing,19,13.82,,5.18,27.3,0,0
405,Alaska Condensada Sweetened 370G,Drinks,Suy Sing,60,54.1,,5.90,9.8,0,0
407,Alaska Condensada Sweetened 206G,Drinks,Suy Sing,38,35.1,,2.90,7.6,0,0
408,dazz dishwashing paste lemon 200g,Household,Suy Sing,33,24.8,,8.20,24.8,0,0
409,dazz dishwashing paste lime 200g,Household,Suy Sing,33,24.8,,8.20,24.8,0,0
410,joy dishwashing liquid antibac 17ml,Household,Suy Sing,11,6,,5.00,45.5,0,0
411,mang tomas all around sarsa 100g,Cooking,Suy Sing,17,11.6,,5.40,31.8,0,0
412,ufc banana catsup budget pack 100g,Cooking,Suy Sing,15.5,10.3,,5.20,33.5,0,0
413,safeguard soap floral pink 65g,Personal Care,Suy Sing,24.5,19.1,,5.40,22.0,0,0
414,safeguard soap arctic fresh 65g,Personal Care,Suy Sing,24.5,19.1,,5.40,22.0,0,0
415,safeguard soap lemon 65g,Personal Care,Suy Sing,24.5,19.1,,5.40,22.0,0,0
416,Alaska Evaporada 140ml,Drinks,Suy Sing,25,19,,6.00,24.0,0,0
417,safeguard soap pure white 22g,Personal Care,Suy Sing,13.5,8.1,,5.40,40.0,0,0
418,surf powder antibac 60g,Household,Suy Sing,11,7.25,,3.75,34.1,0,0
419,Ajinomoto Crispy Fry Breading MIx Original 62G Pcs,Cooking,Suy Sing,25,19,,6.00,24.0,0,0
420,ajinomoto ginisa mix 8g,Cooking,Suy Sing,5,4,,1.00,20.0,0,0
421,555 Sardines In Tomato Sauce 155G,Canned,Suy Sing,25,23,,2.00,8.0,0,0
422,555 Tuna Adobo 155G,Canned,Suy Sing,32,30,,2.00,6.3,0,0
423,555 tuna hot and spicy 155g,Canned,Suy Sing,35,32,,3.00,8.6,0,0
424,555 Tuna Flakes In Oil 155G,Canned,Suy Sing,35,30,,5.00,14.3,0,0
425,Ligo Sardines In Tomato Sauce Chili Added 155G,Canned,Suy Sing,26,24.3,,1.70,6.5,0,0
426,ajinomoto sarsaya oyster sauce 30g,Cooking,Suy Sing,8,7,,1.00,12.5,0,0
427,Argentina Corned Beef 150G,Canned,Suy Sing,38,34.2,,3.80,10.0,0,0
428,Century Tuna Flakes In Oil 125G,Canned,Suy Sing,35,30.1,,4.90,14.0,0,0
429,Del Monte Quality Filipino Style Tomato Sauce Sachet 250G,Cooking,Suy Sing,30,24.1,,5.90,19.7,0,0
430,Knorr Sinigang Sa Sampalok Mix Original 22G,Cooking,Suy Sing,19.5,14.2,,5.30,27.2,0,0
431,Knorr Sinigang Sa Sampalok Mix Gabi 22G,Cooking,Suy Sing,20,14.9,,5.10,25.5,0,0
432,Knorr Sinigang Sa Sampalok Mix Gabi 11G,Cooking,Suy Sing,9,7.2,,1.80,20.0,0,0
433,Kojie San,Personal Care,Puregold,110,99.5,3,10.50,9.5,0,0
434,Biogesic,Personal Care,,9,4.5,9,4.50,50.0,0,0
435,Bioflu,Personal Care,,12,8.5,8,3.50,29.2,0,0
436,Medicol Robitussin,Personal Care,,15,12,1,3.00,20.0,0,0
437,Mefenamic,Personal Care,,7,3,9,4.00,57.1,0,0
438,Diatabs,Personal Care,,12,8.5,,3.50,29.2,0,0
439,Neozep,Personal Care,,10,7.5,10,2.50,25.0,0,0
440,Cetirizine,Personal Care,,10,6,8,4.00,40.0,0,0
441,Zonrox Color Safe 225ml,Household,Puregold,30,26.5,6,3.50,11.7,0,0
442,Zonrox Color Safe 900ml,Household,Puregold,75,71,2,4.00,5.3,0,0
443,Zonrox Color Safe 450ml,Household,Puregold,44,40.5,1,3.50,8.0,0,0
444,Zonrox Orig. 1L,Household,Puregold,47,43,2,4.00,8.5,0,0
445,Keratin Gold,Personal Care,Puregold,9,6.25,18,2.75,30.6,0,0
446,Keratin Plus Gold,Personal Care,Puregold,9,6.25,16,2.75,30.6,0,0
447,Baygon,Household,Puregold,4,1.84,21,2.16,54.0,0,0
448,Kojie San Pcs,Personal Care,Puregold,30,27.5,16,2.50,8.3,0,0
449,Dove Bar Pink,Household,Puregold,190,178,1,12.00,6.3,0,0
450,Silka Papaya 90G,Personal Care,Puregold,40,35,3,5.00,12.5,0,0
451,sulfur soap 135g,Personal Care,Puregold,57,53.25,2,3.75,6.6,0,0
452,pantene TDC,Personal Care,Puregold,8,6.9,7,1.10,13.7,0,0
453,Pantene HFC,Household,Puregold,9,6.9,7,2.10,23.3,0,0
454,Downy Sunrise Fresh 26ml,Household,Puregold,9,6.17,11,2.83,31.4,0,0
455,Downy Mystic,Household,Puregold,9,6.17,12,2.83,31.4,0,0
456,Ariel Red Floral Passion 65g,Household,Puregold,15,13,8,2.00,13.3,0,0
457,Safeguard Pure White Family 3Pack,Household,Puregold,205,192,1,13.00,6.3,0,0
458,Safeguard Floral Pink 3Pack,Household,Puregold,205,192,1,13.00,6.3,0,0
459,Safeguard Pure White Family 1Pcs,Household,Puregold,73,69,3,4.00,5.5,0,0
460,Safeguard Floral Pink Family 1Pcs,Household,Puregold,73,69,3,4.00,5.5,0,0
461,San Miguel Bottle Lychee 330m,Drinks,Puregold,65,43.75,1000,21.25,32.7,0,0
462,San Miguel Bottle Light 330ml,Drinks,Puregold,65,49.5,116,15.50,23.8,0,0
463,San Miguel Bottle Apple 330ml,Drinks,Puregold,65,42.25,999,22.75,35.0,0,0
464,Smirnoff Mule 330ml,Drinks,Puregold,70,48,3,22.00,31.4,0,0
465,Pocari Swt 350ml,Drinks,Camille,45,35,,10.00,22.2,0,0
466,Pocari Swt 500ml,Drinks,Camille,55,50,,5.00,9.1,0,0
467,Dutchmil SBery 90ml Pcs,Drinks,Puregold,15,12,3,3.00,20.0,0,0
468,Kopiko Lucky Day 180ml,Drinks,Puregold,30,24,10,6.00,20.0,0,0
469,Clear SH CSport,Household,Puregold,9,6.56,24,2.44,27.1,0,0
470,head and shouder SH 4Men,Household,Puregold,11,8,9,3.00,27.3,0,0
471,Silka Papaya Orange,Household,Puregold,20,16.3,10,3.70,18.5,0,0
472,Silka Papaya Green,Household,Puregold,22,19.25,5,2.75,12.5,0,0
473,Eskinol C - Classic Glow,Personal Care,Puregold,68,63.5,2,4.50,6.6,0,0
474,Eskinol Papaya Smooth Glow,Personal Care,Puregold,68,63.5,1,4.50,6.6,0,0
475,Juicy Cologne 50ml,Personal Care,Puregold,30,26,2,4.00,13.3,0,0
476,Bench. DSpell Blue,Personal Care,Puregold,60,55,2,5.00,8.3,0,0
478,Sugo Greaseless Salted Peanuts 25G,Snacks,Puregold,10,5.025,,4.97,49.7,0,0
479,Sugo Greaseless Hot & Spicy Peanuts 50G,Snacks,Puregold,15,12.85,,2.15,14.3,0,0
480,Sugo Salted Peanuts 3Packs 10g,Snacks,Puregold,25,19.25,3,5.75,23.0,0,0
481,Sugo Hot Spicy 3Packs 10g,Snacks,Puregold,25,19.25,3,5.75,23.0,0,0
482,Sugo Hot Spicy 5 for 2pcs,Snacks,Puregold,5,3.85,30,1.15,23.0,0,0
483,Sugo Salted Peanut 5 for 2pcs,Snacks,Puregold,5,3.85,30,1.15,23.0,0,0
484,Gatorade Blue 500ml,Drinks,Puregold,55,47.1,9,7.90,14.4,0,0
485,Wilkins 1L,Drinks,Puregold,25,15.5,1,9.50,38.0,0,0
486,Great Taste Choco Twin Pack,Drinks,Puregold,15,12.45,1,2.55,17.0,0,0
487,Great Taste Brown Barako Twin Pack,Drinks,Puregold,15,12.45,5,2.55,17.0,0,0
488,Great Taste Original Twin Pack,Drinks,Puregold,15,12.45,10,2.55,17.0,0,0
489,Krem-Top Coffee Creamer 400G,Drinks,Camille,108,101.5,10,6.50,6.0,0,0
490,Great Taste Granules Strong 80G,Drinks,Camille,114,110,4,4.00,3.5,0,0
491,Maggi Magic Sarap All-In-One 55G,Cooking,Puregold,35,29,,6.00,17.1,0,0
492,Egg,Cooking,Camille,10,8,,2.00,20.0,0,0
493,Cooking Oil,Cooking,Camille,90,85,3,5.00,5.6,0,0
494,HOT COFFEE AVAILABLE,Drinks,,15,10,,5.00,33.3,0,0
495,WL Tattoos Crunchy Chips 10g,Snacks,Puregold,15,11.1,3,3.90,26.0,0,0
496,WL Tattoos Crunchy Chips 5 for 3 pcs,Snacks,Puregold,5,2.775,,2.23,44.5,0,0
497,WL Siga 10g,Snacks,Puregold,15,11.1,4,3.90,26.0,0,0
498,WL Siga 5 for 3 pcs,Snacks,Puregold,5,2.775,,2.23,44.5,0,0
499,Dragon Sid 3g,Snacks,Puregold,25,20.15,0,4.85,19.4,0,0
500,Dragon Sid 5 for 3pcs,Snacks,Puregold,5,3.0225,,1.98,39.6,0,0
501,WL Tattoos Corn Tube 60G,Snacks,Puregold,15,11.15,3,3.85,25.7,0,0
502,Star Margarine Sweet Blend Twin Pack 30G,Cooking,Puregold,15,10.1,12,4.90,32.7,0,0
504,Knor Seasonings  130ml,Cooking,Puregold,62,57.5,3,4.50,7.3,0,0
505,Ladys Choice Real Mayonnaise Sachet 80ml,Cooking,Puregold,40,35.5,6,4.50,11.3,0,0
506,Ho-Mi Chicken & Garlic Flavor,Noodles,Puregold,15,9,,6.00,40.0,0,0
507,Ho-Mi Beef Brisket Flavor,Noodles,Puregold,15,9,,6.00,40.0,0,0
508,Indomie Instant Noodles Mi Goreng Hot & Spicy Flavor,Noodles,Puregold,25,19,,6.00,24.0,0,0
509,Nissin Ramen Beef Brown,Noodles,Suy Sing,20,15,,5.00,25.0,0,0
510,Nissin Ramen Spicy Hot Beef Dark Red,Noodles,Suy Sing,20,15,,5.00,25.0,0,0
511,Nissin Ramen Spicy Seafoods Dark Blue,Noodles,Suy Sing,20,15,,5.00,25.0,0,0
512,Nissin Ramen Seafood Blue,Noodles,Suy Sing,20,15,,5.00,25.0,0,0
513,Coco Mama Fresh Gata 200ml,Cooking,Puregold,40,35,3,5.00,12.5,0,0
514,Datu Puti Soy Sauce Sachet 200ml,Cooking,Puregold,13,10.15,8,2.85,21.9,0,0
515,Doowee Donut,Snacks,Puregold,13,10.325,24,2.68,20.6,0,0
516,Nissin Eggnog,Snacks,Puregold,10,6.305,16,3.70,37.0,0,0
517,Rebisco Bravo Sesame Seeds Orange Pcs,Snacks,Camille,8,5.9,9,2.10,26.2,0,0
518,Rebisco Cracker,Snacks,Puregold,8,5.8175,14,2.18,27.3,0,0
519,Nissin Breadsticks,Snacks,Puregold,8,6.305,,1.70,21.2,0,0
520,Rebisco Cream Yellow Pack,Snacks,Camille,70,65,3,5.00,7.1,0,0
521,"Hansel Plain Crackers, Choco, Mocha & Milk",Snacks,Puregold,9,6,,3.00,33.3,0,0
522,Rebisco Chocolate Pcs,Snacks,Camille,9,6.4,20,2.60,28.9,0,0
523,Rebisco Butter Blue Pcs,Snacks,Camille,9,6.4,11,2.60,28.9,0,0
524,Oishi Kirei Yummy Flakes Shrimp Flavor Big 60G,Snacks,Puregold,30,25,2,5.00,16.7,0,0
525,Oishi Fish Crackers Big 90G,Snacks,Puregold,30,25,2,5.00,16.7,0,0
526,Oishi Potato Fries Cheese Flavor Big 90G,Snacks,Puregold,30,25,,5.00,16.7,0,0
527,Oishi Prawn Crackers Spicy Flavor Big 90G,Snacks,Puregold,30,25,,5.00,16.7,0,0
528,Oishi Crispy Patata Baked Potato Flavor Big 85G,Snacks,Puregold,30,26,0,4.00,13.3,0,0
529,Oishi Potato Fries Plain Salted Big 90G,Snacks,Puregold,30,25,2,5.00,16.7,0,0
530,Regent Snacku Rice Crackers Vegetable Flavored Big 60G,Snacks,Camille,30,25,,5.00,16.7,0,0
531,Oishi Onion Rings Big 75G,Snacks,Puregold,30,25,0,5.00,16.7,0,0
532,Peewee Sizzling BBQ Flavored Snack Big 95G,Snacks,Puregold,30,25,1,5.00,16.7,0,0
533,Cheez - It Cheese Flavored Cracker Big 95G,Snacks,Puregold,30,25,1,5.00,16.7,0,0
534,Regent Cheese Ring Cheese Flavored Snack Big 60G,Snacks,Puregold,25,15.75,2,9.25,37.0,0,0
535,Regent Tempura Shrimp Flavored Snack 35G,Snacks,Puregold,15,7.85,,7.15,47.7,0,0
536,Loaded White Choco Filled Crackers Small 38G,Snacks,Puregold,11,9,,2.00,18.2,0,0
537,Boy Bawang Cornick Golden Sweet Corn Butter Flavor 100G,Snacks,Puregold,37,31.7,,5.30,14.3,0,0
538,Boy Bawang Cornick Chili Cheese Flavor 80G,Snacks,Puregold,25,20.8,,4.20,16.8,0,0
539,Boy Bawang Cornick Assorted Nuts 85G,Snacks,Puregold,30,25,,5.00,16.7,0,0
540,Ding Dong Snack Mix With Chips & Curls 160clr,Snacks,Puregold,25,20.8,1,4.20,16.8,0,0
541,Jack n Jill Chippy Chili & Cheese Corn Chips Blue Big 108G,Snacks,Puregold,30,25.25,0,4.75,15.8,0,0
542,Jack n Jill Chippy Barbecue Corn Chips Red Big 108G,Snacks,Puregold,30,25.25,1,4.75,15.8,0,0
544,Moby Caramel Puffs Small 25G,Snacks,Puregold,9,6.4,16,2.60,28.9,0,0
545,Nagaraya Hot & Spicy Cracker Nuts 80G,Snacks,Puregold,25,20.85,,4.15,16.6,0,0
546,Nagaraya BBQ Cracker Nuts 80G,Snacks,Puregold,25,20.85,,4.15,16.6,0,0
547,Super Crunch Cornchips Tasty Sweet Corn Flavor Big 120G,Snacks,Puregold,30,25.5,0,4.50,15.0,0,0
548,Oishi Martys Crackling Salt & Vinegar Flavor Big 90G,Snacks,Puregold,30,25,6,5.00,16.7,0,0
549,Oishi Martys Crackling Chicken Inasal Flavor 90G Big,Snacks,Puregold,30,25,,5.00,16.7,0,0
550,Jack n Jill Chicharon Ni Mang Juan Sukang Paombong  Big 90G,Snacks,Puregold,30,25,,5.00,16.7,0,0
551,Jack n Jill Chicharon Ni Mang Juan Espesyal Sukat Sili Big 90G,Snacks,Puregold,30,25,11,5.00,16.7,0,0
552,Jack n Jill Mang Juan Chicken Skin Flavor Big 17G,Snacks,Suy Sing,30,25,24,5.00,16.7,0,0
553,Chocolate Pretzels 40g,Snacks,Puregold,17,12.85,18,4.15,24.4,0,0
554,Oishi Spicy Seafood Curls Shrimp Flavored Snack Big 90G,Snacks,Puregold,30,25,,5.00,16.7,0,0
555,Martys Chicken Inasal Big,Snacks,Puregold,30,25,2,5.00,16.7,0,0
556,Moby Caramel Puffs Big 90G,Snacks,Puregold,30,26,1,4.00,13.3,0,0
557,Oishi Prawn Crackers Big 90G,Snacks,Puregold,30,25,2,5.00,16.7,0,0
558,Jack n Jill Potato Chips Vcut Spicy Barbecue Flavor Big 60G,Snacks,Puregold,45,40,6,5.00,11.1,0,0
559,Dingdong 5 for 3Pcs,Snacks,Puregold,5,3.0225,80,1.98,39.6,0,0
560,Super Crunch Cornchips 7G | 5 For 3Pcs,Snacks,Puregold,5,3.37,36,1.63,32.6,0,0
561,Water 1L,Drinks,Puregold,60,56.5,,3.50,5.8,0,0
562,Junior & Superstix Stick-O Pcs,Snacks,Puregold,2,0,79,2.00,100.0,0,0
563,Sisters Per piece,Personal Care,Puregold,8,6,35,2.00,25.0,0,0
564,Gardenia Toasties 25g,Snacks,Puregold,10,7.5,8,2.50,25.0,0,0
565,Gardenia Butter Toast 50g,Snacks,Puregold,20,17,10,3.00,15.0,0,0
566,Knick Knacks Milk 21G,Snacks,Puregold,12,8.8,17,3.20,26.7,0,0
567,Colgate Fresh Confidence Green & Red,Personal Care,Puregold,150,139,2,11.00,7.3,0,0
568,Colgate Tripple Action,Personal Care,Puregold,165,156.75,4,8.25,5.0,0,0
569,Colgate Twin Fresh Confidence 20g,Personal Care,Puregold,12,9,11,3.00,25.0,0,0
570,Colgate Twin Great Regular Flavor 20g,Personal Care,Puregold,12,9,23,3.00,25.0,0,0
571,Coke Swakto 190ml,Drinks,Puregold,17,13,,4.00,23.5,0,0
572,Close Up Green & Red Hot 11G,Personal Care,Puregold,12,8.75,24,3.25,27.1,0,0
574,Star Margarine Classic Twin Pack 30G,Cooking,Puregold,15,10.101,4,4.90,32.7,0,0
575,Dowee Donut Any flavor,Snacks,Puregold,13,10.325,,2.68,20.6,0,0
576,Golden Coin Pcs,Snacks,Osave,2,1.5,,0.50,25.0,0,0
577,Mikmik polvoron pcs,Snacks,Puregold,2,1.5,,0.50,25.0,0,0
578,Nestle Bear Brand Fortified Swak Pcs,Drinks,Puregold,15,11.04,,3.96,26.4,0,0
579,Bear Brand Swak Tie,Drinks,Puregold,118,110.4,,7.60,6.4,0,0
580,krim stix jumbo 5 for 2Pcs,Snacks,Puregold,5,4,,1.00,20.0,0,0
581,Alaxan,Personal Care,,15,12,8,3.00,20.0,0,0
582,Amoxicilin,Personal Care,,8,3,10,5.00,62.5,0,0
583,Enervon Z+,Personal Care,,13,10,12,3.00,23.1,0,0
584,Nissin Breadstick Pack,Snacks,Puregold,80,75,,5.00,6.3,0,0
585,Hotdog TJ per piece,Snacks,El Torro,15,10,,5.00,33.3,0,0
586,tissue,Personal Care,Puregold,15,6,,9.00,60.0,0,0
587,dowee donut pack,Snacks,Puregold,120,109,,11.00,9.2,0,0
588,tanduay  rum light,Drinks,,150,120.5,,29.50,19.7,0,0
589,Disposable Sytro Cup,Cooking,Tiktok,1.5,0,,1.50,100.0,0,0
591,Royal Tru - Orange 1.5L,Drinks,Osave,75,70,,5.00,6.7,0,0
592,Jack n Jill Chicharon Ni Mang Juan Green 26G,Snacks,Puregold,9,6.7,,2.30,25.6,0,0
593,Fudgee bar asorted,Snacks,Puregold,10,8,,2.00,20.0,0,0
594,Whatta Tops Pack,Snacks,Puregold,95,90,,5.00,5.3,0,0
595,Lucky Me Go Cup Noodles Bulalo 40G,Noodles,Suy Sing,30,25,,5.00,16.7,0,0
596,Tanduay Rum Dark,Drinks,,160,140.5,,19.50,12.2,0,0
597,Tanduay Select,Drinks,,160,132.5,,27.50,17.2,0,0
598,Jack n Jill Mr. Chips Nacho Cheese Flavor Big 98g,Snacks,Puregold,35,26,,9.00,25.7,0,0
599,Oishi Ribbed Cracklings In Old Fashioned Salt & Vinegar Big 90G,Snacks,Puregold,30,25,,5.00,16.7,0,0
600,sampalok,Snacks,Tiktok,20,18,,2.00,10.0,0,0
601,Century Tuna Budget Size Flakes In Oil 125G,Canned,Puregold,33,30,,3.00,9.1,0,0
602,Mega Sardines In Tomato Sauce Chili Added,Canned,Puregold,28,25,,3.00,10.7,0,0
603,555 Spanish Style Sardines 155G,Canned,Suy Sing,35,31,,4.00,11.4,0,0
604,Mega Sardines In Tomato Sauce,Canned,Puregold,28,24,,4.00,14.3,0,0
605,Hansung Luncheon Meat,Canned,Tiktok,115,100,,15.00,13.0,0,0
606,Knorr Liquid Seasoning Original Bottle,Cooking,Puregold,65,58.5,,6.50,10.0,0,0
607,San Mig Super Coffee Sugar Free Original Blue Pack,Drinks,Tiktok,220,212,3,8.00,3.6,0,0
608,surf bar putol,Household,Suy Sing,9,7,,2.00,22.2,0,0
609,Dew Berry,Snacks,Puregold,10,8,,2.00,20.0,0,0
610,Nature Spring 10L,Drinks,Camille,110,92,7,18.00,16.4,0,0
611,Wilkins 7L,Drinks,Camille,100,85,,15.00,15.0,0,0
612,Del Fabcon 22ml,Household,Camille,8,6,24,2.00,25.0,0,0
613,Champion Fabcon Infinity 28ml,Household,Camille,8,6,22,2.00,25.0,0,0
614,Scotch brite Steel,Household,Camille,50,45,5,5.00,10.0,0,0
615,Scotch Brite Sponge,Household,Camille,45,40,7,5.00,11.1,0,0
616,Jack n Jill Roller Coaster Potato Rings Cheddar Cheese Big 85G,Snacks,Camille,35,30,8,5.00,14.3,0,0
617,Jack n Jill Piattos Cheese Flavored Potato Crisps 80G,Snacks,Camille,45,37,,8.00,17.8,0,0
618,Jack n Jill Nova Country Cheddar Flavor Big 78G,Snacks,Camille,45,38,,7.00,15.6,0,0
619,Nescafe Classic 20G,Drinks,Camille,30,26.7,1,3.30,11.0,0,0
620,Quake Overload,Snacks,Camille,90,82,0,8.00,8.9,0,0
621,Tanduay Ice Small,Drinks,Camille,45,40,4,5.00,11.1,0,0
622,Carlo Rossi,Drinks,Camille,360,345,1,15.00,4.2,0,0
623,Pale Pilsen,Drinks,Camille,50,45.41,15,4.59,9.2,0,0
624,Novellino,Drinks,Camille,330,315,1,15.00,4.5,0,0
625,Novellino Sparkling,Drinks,Camille,250,240,0,10.00,4.0,0,0
626,Ginebra Hari,Drinks,Camille,195,186,1,9.00,4.6,0,0
627,Mojito 700ml,Drinks,Camille,140,132,1,8.00,5.7,0,0
628,UFC Ketchup 320g,Cooking,Camille,32,27.5,2,4.50,14.1,0,0
629,UFC Sweet Chili Sauce 340G,Cooking,Camille,55,50,1,5.00,9.1,0,0
630,UFC Catsup Tamis Angas Bottle,Cooking,Camille,40,35,0,5.00,12.5,0,0
631,Whoopie Pack,Snacks,Camille,115,105,0,10.00,8.7,0,0
632,Whoopie Pcs,Snacks,Camille,13,10.5,10,2.50,19.2,0,0
633,Nips 5 for 2pcs Small,Snacks,Camille,5,3,17,2.00,40.0,0,0
634,Puro Palm Olein Cooking Oil Sachet 40ml,Cooking,Camille,10,7,14,3.00,30.0,0,0
635,Barnuts 5 for 2 pcs,Snacks,Puregold,5,2.5,,2.50,50.0,0,0
636,Nissin Cup Souper Meal Beef Brisket Red,Noodles,Suy Sing,45,40,,5.00,11.1,0,0
637,zonrox orig,Household,Puregold,50,43.4,,6.60,13.2,0,0
639,Candle Kandila Small,Household,,7,3,47,4.00,57.1,0,0
640,Candle Kandila Big,Household,,11,7,48,4.00,36.4,0,0
641,Piattos Small Any Flavor,Snacks,Puregold,20,17,,3.00,15.0,0,0
642,Bukayo,Snacks,Camille,18,15,,3.00,16.7,0,0
643,EQ DRY  M,Personal Care,Suy Sing,13,10,,3.00,23.1,0,0
644,EQ DRY L,Personal Care,Suy Sing,15,12,,3.00,20.0,0,0
645,Posporo,Cooking,Camille,4,3,,1.00,25.0,0,0
646,Sprite Mismo,Drinks,Puregold,25,17,19,8.00,32.0,0,0
647,Royal Mismo,Drinks,Puregold,25,17,6,8.00,32.0,0,0
648,Sprite Swakto 190ml,Drinks,Puregold,17,13,6,4.00,23.5,0,0
649,empi double lights 750ml,Drinks,Puregold,160,140.75,9,19.25,12.0,1,0
650,Club mix lime juice,Drinks,Puregold,60,55,3,5.00,8.3,0,0
651,Dutchmil SBery 90ml Pack,Drinks,Puregold,55,46,1,9.00,16.4,0,0
652,Dutchmil Yogurt Original 90ml Pack,Drinks,Puregold,55,46.35,1,8.65,15.7,0,0
653,Dutchmil Yogurt Original 90ml Pcs,Drinks,Puregold,15,11.58,4,3.42,22.8,0,0
654,Dutchmil Yogurt BBerry 90ml Pack,Drinks,Puregold,55,46.35,1,8.65,15.7,0,0
655,Dutchmil Yogurt BBerry 90ml Pcs,Drinks,Puregold,15,11.58,3,3.42,22.8,0,0
656,Dutchmil SPR Fruit 90ml Pack,Drinks,Puregold,55,46,1,9.00,16.4,0,0
657,Dutchmil SPR Fruit 90ml Pcs,Drinks,Puregold,15,12,2,3.00,20.0,0,0
658,Ri-Chee Crunchy Snack Milk Flavor 25G,Snacks,Puregold,9,6.4,7,2.60,28.9,0,0
659,Richoco Wafer 48G,Snacks,Puregold,15,12.6,20,2.40,16.0,0,0
660,Richeese Wafer,Snacks,Puregold,12,9.75,,2.25,18.8,0,0
661,Cal Cheese Wafer 20G,Snacks,Puregold,10,7.5,5,2.50,25.0,0,0
662,Mang Juan Sukang Paombong  Small,Snacks,Puregold,10,7.55,12,2.45,24.5,0,0
663,Mang Juan Sukat Sili  Small,Snacks,Puregold,10,7.55,0,2.45,24.5,0,0
664,Alibaba Crunchy Corn Chips Sweet Corn Flavor Big 120G,Snacks,Puregold,30,19.85,1,10.15,33.8,0,0
665,Tomi Super Sweet Corn Small 25G,Snacks,Puregold,9,6.4,4,2.60,28.9,0,0
666,Pure Basic Laurel Leaves,Cooking,Puregold,15,9,4,6.00,40.0,0,0
667,Pure Basic Chili Powder,Cooking,Puregold,30,24.55,2,5.45,18.2,0,0
668,Pure Basic Curry Powder,Cooking,Puregold,30,24.55,2,5.45,18.2,0,0
669,Pure Basic Chili Flakes,Cooking,Puregold,32,26.5,2,5.50,17.2,0,0
670,Pure Basic Cheese Powder,Cooking,Puregold,29,24.25,1,4.75,16.4,0,0
671,Pure Basic Fried Garlic Minced,Cooking,Puregold,23.5,20.5,2,3.00,12.8,0,0
672,Pure Basic Parmisan Garlic,Cooking,Puregold,30,24.75,2,5.25,17.5,0,0
673,Pure Basic Sour Cream On Powder,Cooking,Puregold,22,15.55,,6.45,29.3,0,0
675,Jhonsons Powder 25g,Personal Care,Puregold,25,22,,3.00,12.0,0,0
676,chubby,Snacks,Camille,30,28,,2.00,6.7,0,0
677,Tang Dalandan,Drinks,Puregold,25,23,,2.00,8.0,0,0
678,Marlboro Lights Pcs,Tobacco,Camille,11,9,,2.00,18.2,1,0
679,Marty's Red Big,Snacks,Puregold,30,27,,3.00,10.0,0,0
682,Safeguard Active Fresh,Personal Care,Suy Sing,25,23.5,,1.50,6.0,0,0
683,Oishi Martys Cracklings Plain Salted Blue Big 90G,Snacks,Camille,30,25,,5.00,16.7,0,0
684,Efficasent Oil Extreme 50ml,Personal Care,Camille,90,85,3,5.00,5.6,0,0
685,Coke Zero Sugar Mismo,Drinks,Camille,25,22,,3.00,12.0,0,0
686,Regular Sponge,Household,,25,15,,10.00,40.0,0,0
687,Rebisco Butter Blue Pack,Snacks,Camille,70,64.5,2,5.50,7.9,0,0
689,Lighter Cricket,Cooking,,15,7,38,8.00,53.3,0,0
690,Steel Wool Regular,Household,,25,15,,10.00,40.0,0,0
691,Suklay,Personal Care,,20,11.5,12,8.50,42.5,0,0
692,Shoe Glue,Household,,20.5,12,,8.50,41.5,0,0
693,AAA Battery MMT,Household,,35,22,,13.00,37.1,0,0
694,Band Aid,Personal Care,,2,1.5,,0.50,25.0,0,0
695,Youngs Baby Oil,Personal Care,,37.5,29,,8.50,22.7,0,0
696,Cheez Whiz Original Sachet 24G,Snacks,Puregold,15,12.5,8,2.50,16.7,0,0
699,Absolute Water 6L,Drinks,Camille,95,77,1,18.00,18.9,0,0
700,H&Y Tintin Choco Snacks,Snacks,Camille,12,10,1,2.00,16.7,0,0
701,sinta rainbow sour belt box,Snacks,Camille,150,140,1,10.00,6.7,0,0
702,sinta rainbow sour belt per price,Snacks,Camille,8,5,,3.00,37.5,0,0
704,Choco Pie MM,Snacks,Camille,8,5,,3.00,37.5,0,0
705,Red Horse Mucho,Drinks,Camille,130,120,,10.00,7.7,0,0
707,nature spring 1000ml,Drinks,Camille,30,25,,5.00,16.7,0,0
708,Test,Other,,0,0,,0.00,0.0,0,0
709,bnb corn,Snacks,TBD-Receipt1,25,20,3,5.00,20.0,0,0
710,PeWee Pizza Supreme Flavored Snack 25G,Snacks,TBD-Receipt1,10,8,11,2.00,20.0,0,0
711,B2 Boneless Bagoong Fish Extract,Cooking,TBD-Receipt1,22,17,1,5.00,22.7,0,0
712,Reno Liver Spread 85G,Cooking,TBD-Receipt1,38,33,,5.00,13.2,0,0
713,Eden Cheese Original Sachet 45G,Cooking,TBD-Receipt1,23,18,4,5.00,21.7,0,0
714,plastic bag tiny ord,Household,TBD-Receipt1,18,13,1,5.00,27.8,0,0
715,sando bag medium,Household,TBD-Receipt1,31,26,1,5.00,16.1,0,0
716,gardenia fiber 400g,Cooking,TBD-Receipt1,86,81,1,5.00,5.8,0,0
717,polo whistle candy pack,Snacks,TBD-Receipt1,32,27,1,5.00,15.6,0,0
718,star jelly 24s pack,Snacks,TBD-Receipt1,30,25,1,5.00,16.7,0,0
719,little tutti 24s pack,Snacks,TBD-Receipt1,30,25,1,5.00,16.7,0,0
720,Olive Bubble Gum 24s pack,Snacks,TBD-Receipt1,28,22.5,1,5.50,19.6,0,0
721,choco m,Snacks,TBD-Receipt1,29,24,1,5.00,17.2,0,0
722,square burst,Snacks,TBD-Receipt1,37,32,1,5.00,13.5,0,0
723,Leslies Red Hot Cheezy Corn Crunch 22G,Snacks,TBD-Receipt1,10,8,0,2.00,20.0,0,0
724,Oishi Corn Ole Rolled Corn Pops 24G,Snacks,TBD-Receipt1,9,7,1,2.00,22.2,0,0
725,Tang Strawberry,Drinks,TBD-Receipt1,25,23,,2.00,8.0,0,0
726,Tang Calamansi,Drinks,TBD-Receipt1,25,23,3,2.00,8.0,0,0
727,Tang Lychee,Drinks,TBD-Receipt1,26,21,5,5.00,19.2,0,0
728,brown sugar per kg,Drinks,TBD-Receipt1,67,62,1,5.00,7.5,0,0
731,corn crunch cheese original 24g,Snacks,Osave,13,7.25,6,5.75,44.2,0,0
732,corn crunch red hot 22g,Snacks,Osave,13,7.25,6,5.75,44.2,0,0
733,Oishi Potato Fries Tomato Ketchup Flavor 50G,Snacks,Osave,20,13.75,3,6.25,31.3,0,0
734,Oishi Caramel Popcorn 60G,Snacks,Osave,21,15.5,0,5.50,26.2,0,0
735,Oishi Potato Fries Cheese Flavor 50G,Snacks,Osave,20,13.75,,6.25,31.3,0,0
736,oishi prawn crackers spicy 24g,Snacks,Osave,9,6.45,9,2.55,28.3,0,0
737,EC Crunchy Choco Flakes 60G,Snacks,Osave,14,9,9,5.00,35.7,0,0
738,marshmallow vanilla squeeshy 80g,Snacks,Osave,30,20,,10.00,33.3,0,0
739,jelly fruit fun tiwi 24s pack,Snacks,Osave,30,25,1,5.00,16.7,0,0
740,potchi strawberry cream 50s pack,Snacks,Osave,39,33.75,3,5.25,13.5,0,0
741,haw haw milk candy 40s pack,Snacks,Osave,36,31,1,5.00,13.9,0,0
742,mentos fruity / mint 50s pack,Snacks,Osave,48,42.5,1,5.50,11.5,0,0
743,vfresh winter cool gum 50s pack,Snacks,Osave,39,34,1,5.00,12.8,0,0
744,champi chewy chocolate 50s pack,Snacks,Osave,42,37,1,5.00,11.9,0,0
746,brownie bites superdelights 14g 20s pack,Snacks,Osave,93,87.5,1,5.50,5.9,0,0
747,nips choco milk candy 14g Big,Snacks,Osave,8,4.75,6,3.25,40.6,0,0
751,Pancit Canton Kalamansi Flavor Green,Noodles,Suy Sing,18,15,18,3.00,16.7,0,0
752,brownie bites superdelights 14g pcs,Snacks,Osave,8,4.4,3,3.60,45.0,0,0
753,Nissin Cup Noodles Spicy Seafoods Dark Blue,Noodles,Suy Sing,30,23,,7.00,23.3,0,0
754,Polo Whistle 5 for 3pcs,Snacks,TBD-Receipt1,5,3.375,,1.63,32.5,0,0
755,Star Jelly 5 for 3pcs,Snacks,TBD-Receipt1,5,3.125,,1.88,37.5,0,0
756,little tutti 5 for 3pcs,Snacks,TBD-Receipt1,5,3.125,,1.88,37.5,0,0
757,Olive Bubble Gum 5 for 3pcs,Snacks,TBD-Receipt1,5,2.8125,,2.19,43.8,0,0
758,Choco M 5 For 3Pcs,Snacks,TBD-Receipt1,5,3,,2.00,40.0,0,0
759,Square Burst 2 for 1pc,Snacks,TBD-Receipt1,2,1.33,,0.67,33.5,0,0
760,Sugar Dark,Drinks,TBD-Receipt1,18,15.66,2,2.34,13.0,0,0
761,Alchol Green Cross 60ml,Personal Care,Puregold,30,25,,5.00,16.7,0,0
762,Red Horse Mucho Deposit,Drinks,Camille,10,5,,5.00,50.0,0,0
763,Sugo 10grams Pack (10pcs),Snacks,Puregold,25,18,,7.00,28.0,0,0
764,Nestle Milo Pack,Drinks,TBD-Receipt1,130,114.96,,15.04,11.6,0,0
765,otoki jin ramen mild / spicy Pack,Noodles,El Torro,305,255,1,50.00,16.4,0,0
766,otoki jin ramen mild / spicy Pcs,Noodles,El Torro,70,51,7,19.00,27.1,0,0
767,Alaska Evaporada 360ml,Drinks,Camille,37,37,,0.00,0.0,0,0
768,1 Case Red Horse,Drinks,Camille,882,850,,32.00,3.6,0,0
769,Wilkins Distilled Bottled Water 1000ml,Drinks,Camille,35,25,7,10.00,28.6,0,0
770,Candies 5 for 2,Snacks,TBD-Receipt1,5,2.5,,2.50,50.0,0,0
772,Tang Orange,Drinks,Puregold,25,23,,2.00,8.0,0,0
774,Mighty Green Pcs,Tobacco,Camille,9,8,,1.00,11.1,0,0
775,Oishi Prawn Crackers Spicy Flavor 24G,Snacks,Puregold,9,8,,1.00,11.1,0,0
778,tin tin choco snack,Snacks,Camille,9,7,,2.00,22.2,0,0
779,Frootees 1 Pack,Snacks,Puregold,75,68.5,,6.50,8.7,0,0
780,Redhorse Deposit 500ml,Drinks,Camille,5,4,,1.00,20.0,0,0
781,Footlong per piece,Cooking,El Torro,15,13,,2.00,13.3,0,0
782,Crinckles,Snacks,Camille,60,50,,10.00,16.7,0,0
783,Delight,Drinks,Puregold,65,47,2,18.00,27.7,0,0
784,Chicharon,Snacks,,15,10,,5.00,33.3,0,0
785,LS BL Cream,Personal Care,,45,32,10,13.00,28.9,0,0
786,Katinko Ointment,Household,,45,38,6,7.00,15.6,0,0
787,Moby Crunchy Chocolate Small 25G,Snacks,Suy Sing,9,7,,2.00,22.2,0,0
788,Boy Bawang Cornick Adobo Flavor 90G,Snacks,Puregold,25,20.8,,4.20,16.8,0,0
789,Ajinomoto Blue Pack,Cooking,Suy Sing,78,68.5,,9.50,12.2,0,0
790,Jack n Jill Piattos Roadhouse Barbecue 40G,Snacks,Suy Sing,20,16,,4.00,20.0,0,0
791,Loaded Chocolate Filled Snack Small 32G,Snacks,Osave,11,8.5,,2.50,22.7,0,0
792,Baygon 1 Box,Other,,35,22,,13.00,37.1,0,0
793,Hana Shampoo Pink Passion 200ml,Household,Suy Sing,130,120.4,2,9.60,7.4,0,0
794,Dove Shampoo Hair Fall Rescue 185ml,Household,Suy Sing,193,182.8,0,10.20,5.3,0,0
795,Sunsilk Shampoo Smooth & Manageable Pink 180ml,Household,Suy Sing,130,122.4,1,7.60,5.8,0,0
796,Surf Powder Kalamansi 57G Pcs,Household,Suy Sing,9,6.3,12,2.70,30.0,0,0
797,Puro Palm Olein Cooking Oil Bottle,Cooking,Camille,45,42,1,3.00,6.7,0,0
798,UFC Golden Fiesta Oil 950ml,Cooking,Camille,155,148,0,7.00,4.5,0,0
799,White Sugar 1/4,Drinks,Camille,23,20,1,3.00,13.0,0,0
800,Master Sardines In Tomato Sauce With Chili 155G,Canned,Camille,28,24.75,29,3.25,11.6,0,0
801,Great Taste Granules 40G,Drinks,Camille,62,58,3,4.00,6.5,0,0
802,Great Taste Coffee Granules 100G,Drinks,Camille,114,110,5,4.00,3.5,0,0
803,Bingo Double Choco Pack,Snacks,Camille,70,65,0,5.00,7.1,0,0
804,Bingo Double Choco Pcs,Snacks,Camille,9,6.5,10,2.50,27.8,0,0
805,Bingo Orange Pack,Snacks,Camille,70,65,0,5.00,7.1,0,0
806,Bingo Orange Pcs,Snacks,Camille,9,6.5,10,2.50,27.8,0,0
807,Rebisco Chocolate Pack,Snacks,Camille,70,64,1,6.00,8.6,0,0
808,Rebisco Bravo Sesame Seeds Orange Pack,Snacks,Camille,65,60,1,5.00,7.7,0,0
809,Rebisco Cream Yellow Pcs,Snacks,Camille,9,6.5,,2.50,27.8,0,0
810,Datu Puti Patis Flavor Bottle 350ml,Cooking,Camille,30,28,5,2.00,6.7,0,0
811,Kren-Top 250g,Drinks,Camille,70,66,1,4.00,5.7,0,0
812,Bread Crumbs,Cooking,Camille,23,18,2,5.00,21.7,0,0
813,Ideal Macaroni 250G,Noodles,Camille,25,20,5,5.00,20.0,0,0
814,Bawang Na Bawang Green Peas Pack,Snacks,Camille,25,20,0,5.00,20.0,0,0
815,Bawang Na Bawang Green Peas Pcs,Snacks,Camille,3,2,10,1.00,33.3,0,0
816,Efficasent Oil Extreme 25ml,Personal Care,Camille,55,50,4,5.00,9.1,0,0
817,Macaroni 500G,Noodles,Camille,40,35,0,5.00,12.5,0,0
818,Dry Canton 400G,Noodles,Camille,65,60,2,5.00,7.7,0,0
819,Regent Tempura Shrimp Flavored Snack Big 100G,Snacks,Camille,30,23,2,7.00,23.3,0,0
820,Snackers Nachos Cheese Flavored Corn Chips Big 500G,Snacks,Camille,120,90,1,30.00,25.0,0,0
821,Jack n Jill Mang Juan Chicken Skin Flavor Small 17G,Snacks,Suy Sing,10,7.5,14,2.50,25.0,0,0
822,Moby Crunchy Chocolate Flavored Corn Snack Big 90G,Snacks,Camille,302,26,3,276.00,91.4,0,0
823,Clover Chips Cheesier Flavored Corn Snacks Big 85G,Snacks,Camille,40,35,,5.00,12.5,0,0
824,Nissin Cup Noodles Batchoy Orange,Noodles,Suy Sing,30,23,,7.00,23.3,0,0
825,Nissin Cup Noodles Bulalo Red,Canned,Suy Sing,30,23,,7.00,23.3,0,0
826,Nissin Cup Noodles Creamy Seafood Sky Blue,Noodles,Suy Sing,30,23,,7.00,23.3,0,0
827,Nissin Cup Souper Meal Hot & Spicy Black,Noodles,Suy Sing,45,40,,5.00,11.1,0,0
828,Nissin Ramen Chicken Yellow,Noodles,Suy Sing,20,15,,5.00,25.0,0,0
829,Nissin Ramen Garlic Pork Tonkatsu Pink,Noodles,Suy Sing,20,13.5,,6.50,32.5,0,0
830,Indomie Instant Noodles Mi Goreng Fried Noodles,Noodles,Puregold,25,19,,6.00,24.0,0,0
831,Great Taste Granules Strong 40G,Drinks,Camille,62,58,4,4.00,6.5,0,0
832,Disposable Plastic Cups 10oz,Cooking,Tiktok,65,57,,8.00,12.3,0,0
833,San Mig Super Coffee Sugar Free Original Blue 20 Sachets,Drinks,Tiktok,13,10.6,80,2.40,18.5,0,0
834,Calumet Double-Acting Baking Powder 50G,Cooking,Osave,25,20,,5.00,20.0,0,0
835,Tang Pomelo,Drinks,Suy Sing,252,23,,229.00,90.9,0,0
836,Tang Four Seasons,Drinks,Suy Sing,25,21.5,,3.50,14.0,0,0
837,Tang Grapes,Drinks,Suy Sing,25,21.5,,3.50,14.0,0,0
838,Nestea Honey Blend Iced Tea 19G,Drinks,Suy Sing,25,23,,2.00,8.0,0,0
839,Nestea Cranberry Iced Tea 19G,Drinks,Suy Sing,25,23,,2.00,8.0,0,0
840,Great Taste White Twin Pack,Noodles,Puregold,15,12.45,,2.55,17.0,0,0
842,Dove Shampoo PInk Per Piece,Other,,8,,,,,0,0
843,Oishi Pillows Ube Filled Crackers 38G,Snacks,Osave,12,8.6,,3.40,28.3,0,0
844,Jack n Jill Choco Knots 25G,Snacks,Puregold,10,8.8,0,1.20,12.0,0,0
845,Knick Knacks Chocolate 21G,Snacks,Puregold,12,8.8,,3.20,26.7,0,0
846,PeWee Sizzling BBQ Flavored Snack 25G,Snacks,TBD-Receipt1,10,8,,2.00,20.0,0,0
847,Leslies Cheezy Corn Crunch 24G,Snacks,TBD-Receipt1,10,8,,2.00,20.0,0,0
848,Oishi Potato Fries Plain Salted 21G,Snacks,Puregold,9,6.3,,2.70,30.0,0,0
849,Cheez - It Cheese Flavored Cracker Small 25G,Snacks,Puregold,9,6.2,,2.80,31.1,0,0
850,Oishi Prawn Crackers Spicy Flavor Semi-Big 60G,Snacks,Suy Sing,20,15.7,,4.30,21.5,0,0
851,Colgate 190g Blue Regular,Other,,185,165,,20.00,10.8,0,0
852,Red Horse Deposit,Drinks,Camille,5,3,,2.00,40.0,0,0
853,Red Horse Case Deposit,Drinks,Camille,120,111,,9.00,7.5,0,0
854,CLVB cheap,Other,,270,200,,70.00,25.9,0,0
855,Oishi Fishda Fish Kropeck,Snacks,Osave,30,25,2,5.00,16.7,0,0
856,Playing Cards Blue,Personal Care,Osave,34.5,26,1,8.50,24.6,0,0
857,Disposable Jade Paper Plate | 5 For 2Pcs,Cooking,Osave,5,3.12,,1.88,37.6,0,0
858,Disposable Paper Cup 80oz | 5 For 3pcs,Cooking,Osave,5,3.3,,1.70,34.0,0,0
859,Disposable Paper Cup 80oz Pack,Cooking,Osave,65,55,2,10.00,15.4,0,0
860,Disposable Jade Paper Plate Pack,Cooking,Osave,50,39,2,11.00,22.0,0,0
861,Disposable Spoon Medium | 5 For 2pcs,Cooking,Osave,5,2.8,,2.20,44.0,0,0
862,Disposable Spoon Medium Pack,Cooking,Osave,25,18,2,7.00,28.0,0,0
863,Disposable Fork Medium | 5 For 2 Pcs,Cooking,Osave,5,2.8,,2.20,44.0,0,0
864,Disposable Fork Medium Pack,Cooking,Osave,25,18,2,7.00,28.0,0,0
865,Disposable Paper Cup 390cc | 5 For 2Pcs,Cooking,Osave,5,3.88,,1.12,22.4,0,0
866,Disposable Paper Cup 390cc Pack,Cooking,Osave,110,97,1,13.00,11.8,0,0
867,Lollipop 5 for 3pcs,Snacks,Osave,5,3,,2.00,40.0,0,0
868,Biscocho,Snacks,,80,75,9,5.00,6.3,0,0
869,CLVB WHOLESALE,Other,,260,200,,60.00,23.1,1,1
870,Mama Nene Calamansi Juice,Other,,10,7,,3.00,30.0,0,0
871,Surf Powder Active Clean 57G Pcs,Household,Suy Sing,9,6.3,,2.70,30.0,0,0
872,FIESTA MAARONI 200G,Other,,25,19.5,,5.50,22.0,0,0
873,Loperamide,Other,,15,9,,6.00,40.0,0,0
874,Hansel Pack,Other,,90,70,,20.00,22.2,0,0
875,TC Tender Juicy Classic Size Per Piece,Other,,13,10,,3.00,23.1,0,0
876,Tube Ice,Other,,20,0,,20.00,100.0,0,0
877,Ice Tube,Other,,15,0,,15.00,100.0,0,0
878,Coke Kasalo,Other,,30,24,,6.00,20.0,0,0
879,Marlboro Red Hald,Tobacco,,100,90,,10.00,10.0,1,0
880,Chupa Chups Lollipiop,Other,,6,3.9,,2.10,35.0,0,0
881,Absolute 6 litters,Other,,115,72.98,,42.02,36.5,0,0
882,Uni-Pak in Oil 155g,Other,,41,36,,5.00,12.2,0,0
883,Champion Bar Blue,Other,,28,24,,4.00,14.3,0,0
884,Unipak 425g,Other,,82,76.5,,5.50,6.7,0,0
